date,factor_name,ic,rank_ic,n_obs
2016-01-29,lowvol_20d_z,0.02349753384350499,0.14331821254937768,210
2016-01-29,lowturn_20d_z,0.02624432381972465,0.18395935626517818,210
2016-01-29,liquidity_20d_z,-0.03317265956511799,-0.0974816005983871,210
2016-02-29,reversal_20d_z,0.3265707108949363,0.45797250263534844,208
2016-02-29,lowvol_20d_z,-0.3837341655020109,-0.4136966026004164,209
2016-02-29,lowturn_20d_z,-0.42894656212563576,-0.3605653834740455,209
2016-02-29,liquidity_20d_z,-0.08157490064904022,-0.11652982945996801,209
2016-03-31,reversal_20d_z,0.1884552585644236,0.23949859566738296,204
2016-03-31,lowvol_20d_z,0.113622354579213,0.17165569961677293,205
2016-03-31,lowturn_20d_z,0.09083778152422348,0.15315890058395598,205
2016-03-31,liquidity_20d_z,-0.16416573817531974,-0.15187739933309435,205
2016-04-29,mom_60_20d_z,0.04354311588256411,-0.027200667433526924,195
2016-04-29,reversal_20d_z,-0.039888252363853155,-0.027370025772122927,204
2016-04-29,lowvol_20d_z,-0.10803644321628789,0.08896755885444858,205
2016-04-29,lowturn_20d_z,-0.11743940485256216,0.09435125891899238,205
2016-04-29,liquidity_20d_z,-0.0045005510644551844,0.006706989860485983,205
2016-05-31,mom_60_20d_z,0.06908882915265226,0.33352936234829617,208
2016-05-31,reversal_20d_z,-0.23343083761301106,0.10329210280753835,212
2016-05-31,lowvol_20d_z,-0.1902484140308144,-0.2795114742706813,213
2016-05-31,lowturn_20d_z,-0.18482088371981628,-0.2865351182206334,213
2016-05-31,liquidity_20d_z,-0.11491068035643603,0.001600685475864265,213
2016-06-30,mom_60_20d_z,-0.17418504737332433,-0.0850614301238845,210
2016-06-30,reversal_20d_z,0.25076216758901204,0.14904577004068742,212
2016-06-30,lowvol_20d_z,0.48940459694936994,0.4506817504484394,213
2016-06-30,lowturn_20d_z,0.5058216667469664,0.42671989867010207,213
2016-06-30,liquidity_20d_z,-0.3003167651651216,-0.2829984601637975,213
2016-07-29,mom_60_20d_z,-0.13793781633963595,-0.19667584194854826,210
2016-07-29,reversal_20d_z,0.13277386016677162,0.2423451443629325,212
2016-07-29,lowvol_20d_z,0.14006526690235122,0.2965550748732703,213
2016-07-29,lowturn_20d_z,0.05368638077445437,0.16125099538520832,213
2016-07-29,liquidity_20d_z,-0.2002656566911015,-0.1995172479095837,213
2016-08-31,mom_60_20d_z,0.14006339110266572,0.1499195638897109,210
2016-08-31,reversal_20d_z,0.09166533422844891,0.14333275382519867,213
2016-08-31,lowvol_20d_z,0.11946807099063712,0.20507649513276044,213
2016-08-31,lowturn_20d_z,0.15465395089041206,0.22969159721402502,214
2016-08-31,liquidity_20d_z,-0.24917520829165166,-0.2705805427010638,214
2016-09-30,mom_60_20d_z,-0.18848963823616843,-0.1901156524580671,210
2016-09-30,reversal_20d_z,0.2139462714000623,0.22280952675194388,213
2016-09-30,lowvol_20d_z,-0.2323884387387047,-0.03128229661811251,213
2016-09-30,lowturn_20d_z,-0.07693259866951459,-0.0014901653742104325,213
2016-09-30,liquidity_20d_z,-0.07544688935509082,-0.02443684943033333,213
2016-10-31,mom_60_20d_z,0.01927830796438584,0.0711783886721377,212
2016-10-31,reversal_20d_z,-0.028605289393555174,-0.04257403795845444,213
2016-10-31,lowvol_20d_z,0.15267636652765088,0.23042792569115372,213
2016-10-31,lowturn_20d_z,0.2595690777977768,0.23546344128822866,213
2016-10-31,liquidity_20d_z,0.2365415725940104,0.23061916352147419,213
2016-11-30,mom_60_20d_z,0.20796503977175557,0.19367454822570476,215
2016-11-30,reversal_20d_z,0.16267274215716576,0.14691922247084965,216
2016-11-30,lowvol_20d_z,0.171669494656973,0.23306236245023218,217
2016-11-30,lowturn_20d_z,0.27589148573538674,0.3338062209788117,217
2016-11-30,liquidity_20d_z,-0.314783185147478,-0.28222936773277335,217
2016-12-30,mom_60_20d_z,0.1180375016966472,0.20557113090589188,217
2016-12-30,reversal_20d_z,-0.04515888762813241,-0.013388482203605154,219
2016-12-30,lowvol_20d_z,0.23871885430162973,0.24052818138490137,219
2016-12-30,lowturn_20d_z,0.2544968201990145,0.27898499601591353,219
2016-12-30,liquidity_20d_z,0.14225158019505174,0.21388375553790687,219
2017-01-26,mom_60_20d_z,-0.0243258919001701,-0.0441135143632739,216
2017-01-26,reversal_20d_z,0.0626035203191477,0.19678904106118486,217
2017-01-26,lowvol_20d_z,-0.23399953896307393,-0.20526690358081107,217
2017-01-26,lowturn_20d_z,-0.31528084434187276,-0.20996328857400084,217
2017-01-26,liquidity_20d_z,-0.09117169644131667,-0.157102827226548,217
2017-02-28,mom_60_20d_z,0.19632968006688417,0.2213970454840604,215
2017-02-28,reversal_20d_z,-0.0611124263607049,-0.12854123376818966,216
2017-02-28,lowvol_20d_z,0.1317869333719504,0.06523870239447746,216
2017-02-28,lowturn_20d_z,0.10844244755967754,0.10691661945721935,216
2017-02-28,liquidity_20d_z,-0.021467496685419765,-0.02898062332008059,216
2017-03-31,mom_60_20d_z,0.01828427094047884,0.0864493112447409,218
2017-03-31,reversal_20d_z,-0.2260832589623268,-0.31560903536938073,220
2017-03-31,lowvol_20d_z,0.017148656993013656,-0.004398155354064601,221
2017-03-31,lowturn_20d_z,0.1312677666270424,0.12254243619592077,221
2017-03-31,liquidity_20d_z,0.05767852255532891,0.07057171572546983,221
2017-04-28,mom_60_20d_z,-0.005626565838291678,-0.009650706022987815,215
2017-04-28,reversal_20d_z,-0.11454999634680332,-0.20401617839507788,217
2017-04-28,lowvol_20d_z,0.3408424426632025,0.38760149664348864,217
2017-04-28,lowturn_20d_z,0.31074869297908747,0.36394928514990477,217
2017-04-28,liquidity_20d_z,0.19272063521255836,0.20983880325035037,217
2017-05-31,mom_60_20d_z,-0.039834470917877306,0.2150222376212657,213
2017-05-31,reversal_20d_z,0.12775037278078172,0.19444265024606114,214
2017-05-31,lowvol_20d_z,0.008989594086309909,-0.16749374981097326,214
2017-05-31,lowturn_20d_z,0.019249615377411617,-0.1701631095105662,214
2017-05-31,liquidity_20d_z,-0.15248813073605783,0.005843203892870458,214
2017-06-30,mom_60_20d_z,-0.24782959025120438,-0.2748215214853121,213
2017-06-30,reversal_20d_z,-0.2292809536462598,-0.15682085240688662,213
2017-06-30,lowvol_20d_z,0.12209178222509873,0.22469845697415256,214
2017-06-30,lowturn_20d_z,0.10636253900034162,0.1898779746399774,214
2017-06-30,liquidity_20d_z,-0.027770977615599712,-0.06455387060577931,214
2017-07-31,mom_60_20d_z,-0.07248586856892072,-0.05992345182508268,214
2017-07-31,reversal_20d_z,0.1109313665619621,0.20365866365060808,216
2017-07-31,lowvol_20d_z,-0.2929173453193833,-0.2283958059645624,216
2017-07-31,lowturn_20d_z,-0.27585861589805016,-0.12838065332607446,216
2017-07-31,liquidity_20d_z,0.013967564898881688,-0.01600404387897916,216
2017-08-31,mom_60_20d_z,-0.09074158992837196,-0.13799492084488846,218
2017-08-31,reversal_20d_z,0.0004812246087405504,-0.04441636399715661,219
2017-08-31,lowvol_20d_z,-0.008947929244863411,0.028285050978745518,219
2017-08-31,lowturn_20d_z,-0.03656246178640969,-0.05115004775693488,219
2017-08-31,liquidity_20d_z,-0.23412221211402728,-0.2164594158594792,219
2017-09-29,mom_60_20d_z,-0.11314875910317952,-0.09009770219752157,221
2017-09-29,reversal_20d_z,-0.0782979460039355,-0.15909960109793098,221
2017-09-29,lowvol_20d_z,0.06898857865821975,0.02149270457653612,221
2017-09-29,lowturn_20d_z,0.2672865966619,0.24774199860423143,221
2017-09-29,liquidity_20d_z,-0.043620997391284735,-0.07289864675581798,221
2017-10-31,mom_60_20d_z,0.0443248355597694,-0.049730568050195725,222
2017-10-31,reversal_20d_z,0.02270094175691839,0.014736766482986939,222
2017-10-31,lowvol_20d_z,0.09170952461374719,0.22603979837346028,222
2017-10-31,lowturn_20d_z,0.07555322060791608,0.1897435461526918,222
2017-10-31,liquidity_20d_z,0.06474313918948087,0.136123696267772,222
2017-11-30,mom_60_20d_z,0.3839639024656392,0.3900632933996002,223
2017-11-30,reversal_20d_z,-0.018980552561180176,-0.025533927612424158,224
2017-11-30,lowvol_20d_z,-0.2329709994489884,-0.29965396002780276,224
2017-11-30,lowturn_20d_z,-0.05911160509091021,-0.1166606341895845,224
2017-11-30,liquidity_20d_z,0.09583964304145708,0.08881407905432903,224
2017-12-29,mom_60_20d_z,0.00024587388190844934,0.05203931570870255,223
2017-12-29,reversal_20d_z,-0.0657487362351134,-0.02666305785185626,224
2017-12-29,lowvol_20d_z,0.2771242502279577,0.2360931708308526,226
2017-12-29,lowturn_20d_z,0.34162584618243064,0.3087163514699568,226
2017-12-29,liquidity_20d_z,0.15854534114607996,0.16458963697801635,226
2018-01-31,mom_60_20d_z,0.03574961102183933,-0.05190497003797038,222
2018-01-31,reversal_20d_z,0.3883645857621197,0.4333325276460463,226
2018-01-31,lowvol_20d_z,-0.23605143277174248,-0.1298026167717993,226
2018-01-31,lowturn_20d_z,-0.20219462888325265,-0.15875853314869737,226
2018-01-31,liquidity_20d_z,-0.15894709924346953,-0.2616641569049761,226
2018-02-28,mom_60_20d_z,-0.18569692020632378,-0.14503661122521053,224
2018-02-28,reversal_20d_z,-0.07888202912797798,-0.04935834155982479,228
2018-02-28,lowvol_20d_z,-0.1292914916908562,-0.08373199686148738,228
2018-02-28,lowturn_20d_z,-0.12091015205614725,-0.06946009567938913,228
2018-02-28,liquidity_20d_z,-0.2887124955902009,-0.3221100058224135,228
2018-03-30,mom_60_20d_z,0.03188884278969417,0.0263168413395574,229
2018-03-30,reversal_20d_z,-0.12207992523119611,-0.021570296823955268,229
2018-03-30,lowvol_20d_z,0.1478707256938818,0.1505633898524883,229
2018-03-30,lowturn_20d_z,0.16003942609753397,0.16917484071629665,229
2018-03-30,liquidity_20d_z,-0.12709199420390216,-0.08286467451711715,229
2018-04-27,mom_60_20d_z,-0.06032852737752134,0.038726311470511976,228
2018-04-27,reversal_20d_z,0.006786503461675084,0.10233480201874015,228
2018-04-27,lowvol_20d_z,0.1122406615042568,0.13543324864811013,228
2018-04-27,lowturn_20d_z,0.26068503983511043,0.21195185965858562,228
2018-04-27,liquidity_20d_z,-0.09253435565348407,-0.14183211629154224,228
2018-05-31,mom_60_20d_z,0.23773107291481133,0.1586746652495217,228
2018-05-31,reversal_20d_z,-0.09158872485604384,-0.12057306300174062,228
2018-05-31,lowvol_20d_z,-0.015740695453604955,-0.033101981927321264,228
2018-05-31,lowturn_20d_z,-0.054580505063251614,-0.006907130381971789,228
2018-05-31,liquidity_20d_z,0.19450373926723466,0.25105120611588666,228
2018-06-29,mom_60_20d_z,-0.08261169223560184,-0.09284193806030773,230
2018-06-29,reversal_20d_z,-0.05282898632741398,-0.06226629427457525,230
2018-06-29,lowvol_20d_z,0.19575074047963115,0.22424357940363038,230
2018-06-29,lowturn_20d_z,0.22422932153538963,0.23600810833304173,230
2018-06-29,liquidity_20d_z,-0.06311860395600732,-0.07608034459192398,230
2018-07-31,mom_60_20d_z,-0.12116064968555473,-0.0890131983917487,229
2018-07-31,reversal_20d_z,-0.2255003368608716,-0.24963926261731353,229
2018-07-31,lowvol_20d_z,0.03610319607778418,0.161523410957146,229
2018-07-31,lowturn_20d_z,0.020835789023940513,0.1602043712180734,229
2018-07-31,liquidity_20d_z,-0.1073262947558531,-0.0805243782527929,229
2018-08-31,mom_60_20d_z,-0.07031307677207622,-0.039698215146815034,232
2018-08-31,reversal_20d_z,0.05112828261330285,0.019187454637519887,232
2018-08-31,lowvol_20d_z,0.16939076829830008,0.15545048017910157,232
2018-08-31,lowturn_20d_z,0.3396713002872608,0.32493021291383944,232
2018-08-31,liquidity_20d_z,-0.03791416318796272,0.003144413080935845,232
2018-09-28,mom_60_20d_z,0.3240358650426019,0.2884696422045923,230
2018-09-28,reversal_20d_z,-0.07770089360863201,-0.12366366249391815,230
2018-09-28,lowvol_20d_z,0.359976614295419,0.43388653808236627,230
2018-09-28,lowturn_20d_z,0.2504932415742096,0.3622410697757457,230
2018-09-28,liquidity_20d_z,-0.24387400877087123,-0.19797163464401177,230
2018-10-31,mom_60_20d_z,-0.18144465080722402,-0.2461009000705961,229
2018-10-31,reversal_20d_z,0.23947120999044633,0.2655187023851943,229
2018-10-31,lowvol_20d_z,-0.23165350723462605,-0.2693439176285048,229
2018-10-31,lowturn_20d_z,-0.2158043275211361,-0.2335199974423287,229
2018-10-31,liquidity_20d_z,-0.06698237941363193,-0.06742291611720144,229
2018-11-30,mom_60_20d_z,0.13536718116929095,0.11044932369398833,233
2018-11-30,reversal_20d_z,-0.013915402807612347,0.021057979171176428,233
2018-11-30,lowvol_20d_z,0.20604736099944534,0.2572142796160556,233
2018-11-30,lowturn_20d_z,0.17783984716185378,0.23929455739116587,233
2018-11-30,liquidity_20d_z,-0.19451808150757213,-0.21273515544251784,233
2018-12-28,mom_60_20d_z,0.06253819236627277,0.040507382571676895,232
2018-12-28,reversal_20d_z,0.02523980609487136,0.06830881845949276,232
2018-12-28,lowvol_20d_z,-0.08864770225516369,-0.13955735562759883,232
2018-12-28,lowturn_20d_z,-0.04781052662330004,-0.05539433337753788,232
2018-12-28,liquidity_20d_z,0.21296328446668059,0.23615435973820023,232
2019-01-31,mom_60_20d_z,-0.25074433836634324,-0.2622470019077945,234
2019-01-31,reversal_20d_z,0.13795158840453833,0.14288808327868535,234
2019-01-31,lowvol_20d_z,-0.45700776810472343,-0.5022976518676385,234
2019-01-31,lowturn_20d_z,-0.5078556849075038,-0.5519304911735178,234
2019-01-31,liquidity_20d_z,0.06740966594889128,0.02459960261140072,234
2019-02-28,mom_60_20d_z,0.1553947718417999,0.0643470539394755,232
2019-02-28,reversal_20d_z,-0.18623922821003502,-0.22876560674130444,232
2019-02-28,lowvol_20d_z,-0.053137773334917295,-0.055672050864239604,232
2019-02-28,lowturn_20d_z,-0.1329117815294321,-0.13948140260804406,232
2019-02-28,liquidity_20d_z,-0.048943248180836764,-0.10277480933655736,232
2019-03-29,mom_60_20d_z,-0.055870746225443566,-0.07342281424500624,232
2019-03-29,reversal_20d_z,0.02429769754712462,0.05492825844939226,232
2019-03-29,lowvol_20d_z,0.20671526909626978,0.2604058378262065,232
2019-03-29,lowturn_20d_z,0.3586539314744477,0.38009198273221273,232
2019-03-29,liquidity_20d_z,-0.03784409465725403,-0.046920659067894915,232
2019-04-30,mom_60_20d_z,0.054244619041668496,0.010791681905536341,234
2019-04-30,reversal_20d_z,0.028396247826070448,0.04027692640543611,234
2019-04-30,lowvol_20d_z,0.14778569778150885,0.2262422609666329,234
2019-04-30,lowturn_20d_z,0.08574981925971295,0.13915392651940342,234
2019-04-30,liquidity_20d_z,-0.03192799827283013,-0.05784144820681851,234
2019-05-31,mom_60_20d_z,0.09836878746753606,0.15078842925592267,233
2019-05-31,reversal_20d_z,0.2999604355312472,0.31196544505977236,233
2019-05-31,lowvol_20d_z,-0.09865180209008265,-0.1166542309738637,233
2019-05-31,lowturn_20d_z,-0.10300340736760043,-0.06129413109614072,233
2019-05-31,liquidity_20d_z,0.18321877581901297,0.2311331248439973,233
2019-06-28,mom_60_20d_z,-0.10918813709297022,-0.04976161832623165,234
2019-06-28,reversal_20d_z,-0.025491753161673823,0.04111519926363927,234
2019-06-28,lowvol_20d_z,-0.20818617304217557,-0.145916932380968,234
2019-06-28,lowturn_20d_z,-0.1519499139110203,-0.10408669684640783,234
2019-06-28,liquidity_20d_z,-0.07780578149488282,-0.027827975579800268,234
2019-07-31,mom_60_20d_z,0.33787891744882864,0.24608318517943573,234
2019-07-31,reversal_20d_z,-0.2158585397266764,-0.15224724073414833,234
2019-07-31,lowvol_20d_z,-0.40976875811177427,-0.409870841667616,234
2019-07-31,lowturn_20d_z,-0.3554605856455243,-0.31317980688821345,234
2019-07-31,liquidity_20d_z,0.1640692799674269,0.14213785349280667,234
2019-08-30,mom_60_20d_z,0.08999327440527385,-0.014820840117659122,234
2019-08-30,reversal_20d_z,0.013858452286151776,0.11730843166211252,234
2019-08-30,lowvol_20d_z,-0.10223950097659423,-0.019732242410117302,234
2019-08-30,lowturn_20d_z,-0.17295710013733828,-0.08419954866426944,234
2019-08-30,liquidity_20d_z,-0.05736866832652412,-0.07072128962712877,234
2019-09-30,mom_60_20d_z,0.1683869136219099,0.08931555089358084,234
2019-09-30,reversal_20d_z,-0.12725615808914853,-0.16943690240643458,234
2019-09-30,lowvol_20d_z,-0.1920460650598025,-0.02416644813249304,234
2019-09-30,lowturn_20d_z,-0.03169353608785241,0.043091821825989404,234
2019-09-30,liquidity_20d_z,0.04327243666856534,0.037198422807514335,234
2019-10-31,mom_60_20d_z,0.17283046857505546,0.06477492582926433,234
2019-10-31,reversal_20d_z,0.054549802041467886,0.061682838197449276,234
2019-10-31,lowvol_20d_z,-0.11634340985066688,-0.07582930176965044,234
2019-10-31,lowturn_20d_z,-0.12473899360608393,-0.059220086155609954,234
2019-10-31,liquidity_20d_z,-0.053535427824760104,-0.1038394411273311,234
2019-11-29,mom_60_20d_z,0.014890542541196511,0.039464916146195496,234
2019-11-29,reversal_20d_z,-0.18286984915915017,-0.04610523072291519,234
2019-11-29,lowvol_20d_z,-0.1949897287395522,-0.1453877676791561,234
2019-11-29,lowturn_20d_z,-0.22784651484696072,-0.24532216062205373,234
2019-11-29,liquidity_20d_z,0.10278313819938495,0.053243803036562225,234
2019-12-31,mom_60_20d_z,0.22526216612725106,0.12318314677463275,233
2019-12-31,reversal_20d_z,-0.061722388055076356,0.045416425542492735,233
2019-12-31,lowvol_20d_z,-0.3834925112322372,-0.2622565435593712,233
2019-12-31,lowturn_20d_z,-0.4892614946524029,-0.3994601978965344,233
2019-12-31,liquidity_20d_z,0.15732270007769725,0.13124401142241082,233
2020-01-23,mom_60_20d_z,0.07747303520724799,0.07927640205305093,234
2020-01-23,reversal_20d_z,-0.28617806220583075,-0.32852995167304744,234
2020-01-23,lowvol_20d_z,-0.34816082992989045,-0.3438677743231956,234
2020-01-23,lowturn_20d_z,-0.38351227014496814,-0.40255591353578113,234
2020-01-23,liquidity_20d_z,0.17612343654398976,0.18296884951128836,234
2020-02-28,mom_60_20d_z,-0.48113141811325066,-0.48224663717031063,234
2020-02-28,reversal_20d_z,0.18530829004211244,0.1569545386435202,234
2020-02-28,lowvol_20d_z,0.4661179175754182,0.4632293751041286,234
2020-02-28,lowturn_20d_z,0.3978024514532908,0.4059053844154537,234
2020-02-28,liquidity_20d_z,-0.2803089471974726,-0.2989345058004974,234
2020-03-31,mom_60_20d_z,0.25586537472392423,0.3635697390561568,234
2020-03-31,reversal_20d_z,0.19305204417229818,0.4319745101535971,234
2020-03-31,lowvol_20d_z,-0.1699864644525566,-0.4708554072490204,234
2020-03-31,lowturn_20d_z,-0.1350592297039922,-0.44312434117781635,234
2020-03-31,liquidity_20d_z,0.04998902086298294,0.3250493224111316,234
2020-04-30,mom_60_20d_z,-0.16879824755431538,-0.14058803503766254,232
2020-04-30,reversal_20d_z,-0.12402472018777141,-0.0745827311029116,232
2020-04-30,lowvol_20d_z,-0.11042793764912816,-0.05122643612777773,232
2020-04-30,lowturn_20d_z,-0.0870517235956028,-0.019275862599211442,232
2020-04-30,liquidity_20d_z,-0.024371449301132095,-0.07710441140305771,232
2020-05-29,mom_60_20d_z,-0.02266978044371382,-0.07257729415907342,233
2020-05-29,reversal_20d_z,-0.04439024136345632,-0.07737291819808115,233
2020-05-29,lowvol_20d_z,-0.35030840339976793,-0.38565682247315863,233
2020-05-29,lowturn_20d_z,-0.32947882936218725,-0.388069329944062,233
2020-05-29,liquidity_20d_z,0.27460765993662833,0.288630003131182,233
2020-06-30,mom_60_20d_z,0.15933685905924327,0.19351668263655586,233
2020-06-30,reversal_20d_z,-0.08732214526263093,-0.09247976927982948,233
2020-06-30,lowvol_20d_z,-0.12529088869567806,-0.16057926742527173,233
2020-06-30,lowturn_20d_z,-0.16109372943623554,-0.1600290297795289,233
2020-06-30,liquidity_20d_z,-0.014122032357764087,-0.05876063713735212,233
2020-07-31,mom_60_20d_z,-0.027093540744668968,0.03505560144368898,232
2020-07-31,reversal_20d_z,0.15545980411057594,0.08602689424592741,232
2020-07-31,lowvol_20d_z,0.24042286186050804,0.22719393566526447,232
2020-07-31,lowturn_20d_z,0.31257981663883955,0.30364968624383837,232
2020-07-31,liquidity_20d_z,-0.13840922191486632,-0.15672813824484244,232
2020-08-31,mom_60_20d_z,0.2108200458018787,0.07844206851421495,233
2020-08-31,reversal_20d_z,0.009602124779640698,-0.06932241964416282,233
2020-08-31,lowvol_20d_z,-0.12700663804900414,-0.0003491162993678551,233
2020-08-31,lowturn_20d_z,-0.007920595773194226,0.15288163249844897,233
2020-08-31,liquidity_20d_z,-0.07677131833310617,-0.09052263089505806,233
2020-09-30,mom_60_20d_z,0.19590047457253887,0.16009377193588753,231
2020-09-30,reversal_20d_z,-0.20405235512453992,-0.12161437265244783,231
2020-09-30,lowvol_20d_z,-0.13879040850511348,-0.07048179810052327,231
2020-09-30,lowturn_20d_z,0.010351296544465963,0.046491681537777656,231
2020-09-30,liquidity_20d_z,0.06847330929399698,0.06057402209780183,231
2020-10-30,mom_60_20d_z,0.05023440082438642,0.1101721811220011,232
2020-10-30,reversal_20d_z,-0.0355886552582539,-0.04040747673355214,232
2020-10-30,lowvol_20d_z,-0.013192343145823049,0.07755706396205574,232
2020-10-30,lowturn_20d_z,0.015237227478073836,0.04445711905170327,232
2020-10-30,liquidity_20d_z,-0.18945854787834546,-0.12752699647304644,232
2020-11-30,mom_60_20d_z,0.3190297823612036,0.20484503450645197,233
2020-11-30,reversal_20d_z,0.10321538669067927,0.13007288990352953,233
2020-11-30,lowvol_20d_z,-0.31606090396105196,-0.3250989775780215,233
2020-11-30,lowturn_20d_z,-0.19485545586442488,-0.1626393767705608,233
2020-11-30,liquidity_20d_z,0.3201431111718544,0.293604980031754,233
2020-12-31,mom_60_20d_z,0.25193435787758733,0.20334127066985344,233
2020-12-31,reversal_20d_z,-0.260492045798677,-0.24650931134956952,233
2020-12-31,lowvol_20d_z,-0.2349593125856974,-0.12244684988969853,233
2020-12-31,lowturn_20d_z,-0.17940255776322145,-0.07978161257591987,233
2020-12-31,liquidity_20d_z,0.13133980119047656,0.11255205912228894,233
2021-01-29,mom_60_20d_z,-0.0986823920095454,-0.12455856326782931,233
2021-01-29,reversal_20d_z,0.2113434295827448,0.17075622279935987,233
2021-01-29,lowvol_20d_z,0.18917940410423276,0.2535415703155858,233
2021-01-29,lowturn_20d_z,0.07680055817727706,0.1358796115123423,233
2021-01-29,liquidity_20d_z,-0.22566069267842248,-0.2324622007186572,233
2021-02-26,mom_60_20d_z,-0.3829985494803379,-0.3686844502572343,233
2021-02-26,reversal_20d_z,-0.1828501915576834,-0.20867815098316167,233
2021-02-26,lowvol_20d_z,0.3608729217169575,0.3779464699287219,233
2021-02-26,lowturn_20d_z,0.29373272568196673,0.3646041525406443,233
2021-02-26,liquidity_20d_z,-0.4900601335648473,-0.47470957762438126,233
2021-03-31,mom_60_20d_z,0.14796105627373612,0.11616021226737462,232
2021-03-31,reversal_20d_z,0.10482297139963216,0.2037534980629878,232
2021-03-31,lowvol_20d_z,-0.46621014622824025,-0.39535218955728346,232
2021-03-31,lowturn_20d_z,-0.38576235125887004,-0.2692739405872493,232
2021-03-31,liquidity_20d_z,0.2151364138745398,0.21530671474300175,232
2021-04-30,mom_60_20d_z,-0.24157412831920475,-0.2983446147725613,232
2021-04-30,reversal_20d_z,-0.1866303010026157,-0.16173052648373173,232
2021-04-30,lowvol_20d_z,-0.2839640131302039,-0.3032135644431041,232
2021-04-30,lowturn_20d_z,-0.3254003249820692,-0.29507862731468315,232
2021-04-30,liquidity_20d_z,0.07495885672714274,0.12003332777551458,232
2021-05-31,mom_60_20d_z,0.02905258612522265,0.034361392291042694,233
2021-05-31,reversal_20d_z,-0.20144822352478794,-0.11416861937805747,233
2021-05-31,lowvol_20d_z,-0.2329392789457245,-0.09237256780746926,233
2021-05-31,lowturn_20d_z,-0.2745817375534882,-0.12105987154818819,233
2021-05-31,liquidity_20d_z,0.09903088811695286,-0.010992420002106896,233
2021-06-30,mom_60_20d_z,0.2064745045812179,0.14710218186877527,232
2021-06-30,reversal_20d_z,-0.22778484880707786,-0.233572559813458,232
2021-06-30,lowvol_20d_z,-0.27484826119630335,-0.1970543237595127,232
2021-06-30,lowturn_20d_z,-0.3065398232677386,-0.21142424964674017,232
2021-06-30,liquidity_20d_z,0.018957127043573708,-0.09580751429994938,232
2021-07-30,mom_60_20d_z,0.016292997946352264,-0.03596846569085017,233
2021-07-30,reversal_20d_z,-0.15818602636321036,-0.1865618685314859,233
2021-07-30,lowvol_20d_z,-0.004307912600215972,0.03200485727030968,233
2021-07-30,lowturn_20d_z,-0.03938664626750938,-0.013962754603521988,233
2021-07-30,liquidity_20d_z,-0.10140495770759059,-0.1561773662593292,233
2021-08-31,mom_60_20d_z,-0.3716438890456921,-0.4143885067278571,234
2021-08-31,reversal_20d_z,0.218181586057679,0.22887643088189832,234
2021-08-31,lowvol_20d_z,0.24339863508709553,0.2819390191395212,234
2021-08-31,lowturn_20d_z,0.3735974574664067,0.4169987410097336,234
2021-08-31,liquidity_20d_z,-0.3422666733687258,-0.3173766724012728,234
2021-09-30,mom_60_20d_z,-0.028167327250609213,-0.11649775303608638,233
2021-09-30,reversal_20d_z,0.2670271190285756,0.2415090759674449,233
2021-09-30,lowvol_20d_z,0.16455037369102254,0.19552808159471613,233
2021-09-30,lowturn_20d_z,0.04726744850237563,0.07355261273007772,233
2021-09-30,liquidity_20d_z,0.023607717486772914,0.010433654084242364,233
2021-10-29,mom_60_20d_z,-0.1662911840639225,-0.16046665781624928,234
2021-10-29,reversal_20d_z,-0.04823960991546292,0.0513780444320932,234
2021-10-29,lowvol_20d_z,0.056570787692951555,0.05029360452803262,234
2021-10-29,lowturn_20d_z,-0.09863230931462037,-0.08220786296796179,234
2021-10-29,liquidity_20d_z,-0.17218649028036645,-0.19004509842374212,234
2021-11-30,mom_60_20d_z,0.03547736216310747,0.01861805832014382,232
2021-11-30,reversal_20d_z,0.1875779632593173,0.11772473075619266,232
2021-11-30,lowvol_20d_z,0.15322980879399195,0.15261166714698532,232
2021-11-30,lowturn_20d_z,0.12451516172689171,0.12723869454019782,232
2021-11-30,liquidity_20d_z,-0.2018576846777707,-0.18075474082522677,232
2021-12-31,mom_60_20d_z,-0.18422787731556703,-0.21603359680778322,234
2021-12-31,reversal_20d_z,-0.03889606736967988,-0.1334773473022669,234
2021-12-31,lowvol_20d_z,0.4139899669104348,0.4315581652696641,234
2021-12-31,lowturn_20d_z,0.41687124324136055,0.4679178680196517,234
2021-12-31,liquidity_20d_z,-0.33110004872743837,-0.3452462512433233,234
2022-01-28,mom_60_20d_z,-0.23730323469390843,-0.24520759348620663,234
2022-01-28,reversal_20d_z,0.13621666743022684,0.14056707857319675,234
2022-01-28,lowvol_20d_z,-0.2683636484429949,-0.27049183398615706,234
2022-01-28,lowturn_20d_z,-0.2213348900433737,-0.19203197848123052,234
2022-01-28,liquidity_20d_z,0.019603045367137275,0.03187452117507032,234
2022-02-28,mom_60_20d_z,0.248150795425657,0.23839712733851845,234
2022-02-28,reversal_20d_z,-0.07759525085521554,-0.06283621575983875,234
2022-02-28,lowvol_20d_z,0.12202012673174824,0.1931999057809248,234
2022-02-28,lowturn_20d_z,0.14325913196015108,0.18988349479133884,234
2022-02-28,liquidity_20d_z,-0.08303303423536287,-0.06651319329367994,234
2022-03-31,mom_60_20d_z,0.13739018334410044,0.1424656879929029,234
2022-03-31,reversal_20d_z,0.014272618423982713,-0.03180889376224307,234
2022-03-31,lowvol_20d_z,-0.006754451009023565,-0.043406969194470416,234
2022-03-31,lowturn_20d_z,0.3382405625778258,0.35907579724231603,234
2022-03-31,liquidity_20d_z,-0.05051732224451204,-0.05915032519059635,234
2022-04-29,mom_60_20d_z,-0.1231653164921796,-0.1386378738633001,234
2022-04-29,reversal_20d_z,0.29515690098175357,0.30788815987009405,234
2022-04-29,lowvol_20d_z,-0.42703177240656087,-0.4439921309002044,234
2022-04-29,lowturn_20d_z,-0.3229465378358603,-0.31643815024680405,234
2022-04-29,liquidity_20d_z,-0.0876726365930465,-0.10767003162363344,234
2022-05-31,mom_60_20d_z,-0.25307845681987223,-0.27692037681841725,233
2022-05-31,reversal_20d_z,-0.1861440293432027,-0.08942549721237185,233
2022-05-31,lowvol_20d_z,-0.23043298249353195,-0.16963257406893326,233
2022-05-31,lowturn_20d_z,-0.25392024126250645,-0.20903717898888768,233
2022-05-31,liquidity_20d_z,0.2568598213822728,0.2399064596006557,233
2022-06-30,mom_60_20d_z,0.07022949321893916,0.014373143533375004,234
2022-06-30,reversal_20d_z,0.15952712900278307,0.29861379888665407,234
2022-06-30,lowvol_20d_z,-0.11795356538449377,0.02310670255000563,234
2022-06-30,lowturn_20d_z,-0.03989773267507048,0.02825411706533023,234
2022-06-30,liquidity_20d_z,-0.17004805223351238,-0.23956128968250473,234
2022-07-29,mom_60_20d_z,-0.2568474465304548,-0.21395906644895057,234
2022-07-29,reversal_20d_z,0.1478750572249032,0.08774542377472838,234
2022-07-29,lowvol_20d_z,0.15686554892333962,0.23982750151150403,234
2022-07-29,lowturn_20d_z,0.28650169893249583,0.313958394503563,234
2022-07-29,liquidity_20d_z,-0.2544233232566598,-0.23471567204692798,234
2022-08-31,mom_60_20d_z,0.04569804582626236,0.1147814701464776,234
2022-08-31,reversal_20d_z,-0.27935095989554537,-0.2570809160923647,234
2022-08-31,lowvol_20d_z,0.0723824306559685,0.20855462842471997,234
2022-08-31,lowturn_20d_z,0.32676358059416694,0.4572948766314545,234
2022-08-31,liquidity_20d_z,-0.13171004056058014,-0.1551857801706229,234
2022-09-30,mom_60_20d_z,0.0405381622671295,0.05403053842996561,234
2022-09-30,reversal_20d_z,0.26703120480219183,0.2812450829810501,234
2022-09-30,lowvol_20d_z,0.03621964875308093,0.025499188574944202,234
2022-09-30,lowturn_20d_z,-0.10261388095342196,-0.08457037318541188,234
2022-09-30,liquidity_20d_z,-0.3207316148382029,-0.343430313324574,234
2022-10-31,mom_60_20d_z,-0.03161994210818009,0.004234724459603577,234
2022-10-31,reversal_20d_z,0.39648541196870546,0.43526392687297727,234
2022-10-31,lowvol_20d_z,0.24915945228005645,0.20862674469300285,234
2022-10-31,lowturn_20d_z,0.3107824226724598,0.26002925391774945,234
2022-10-31,liquidity_20d_z,-0.08074447213485933,-0.054718920990848,234
2022-11-30,mom_60_20d_z,-0.08235324381570402,-0.027467869041576568,234
2022-11-30,reversal_20d_z,-0.045733118331865816,-0.12153511184242717,234
2022-11-30,lowvol_20d_z,0.13902541715053074,0.07737560470554994,234
2022-11-30,lowturn_20d_z,0.22887361086933147,0.22323169388266273,234
2022-11-30,liquidity_20d_z,-0.017074922553977728,-0.028283157503138638,234
2022-12-30,mom_60_20d_z,0.07402650221393603,0.11500510433467147,234
2022-12-30,reversal_20d_z,0.1191220901269007,0.36646056536050814,234
2022-12-30,lowvol_20d_z,-0.012748350981202736,-0.10752441943491678,234
2022-12-30,lowturn_20d_z,-0.07414094154587784,-0.32020512863782363,234
2022-12-30,liquidity_20d_z,-0.13179885105042383,0.08631895854754444,234
2023-01-31,mom_60_20d_z,-0.1157558995243291,-0.0650798318930295,233
2023-01-31,reversal_20d_z,-0.02193405678930422,0.023109981121198234,233
2023-01-31,lowvol_20d_z,0.15060384335103233,0.20122000967695527,233
2023-01-31,lowturn_20d_z,0.03434294846622376,0.1513405286412883,233
2023-01-31,liquidity_20d_z,-0.3689199805449204,-0.4323349998584754,233
2023-02-28,mom_60_20d_z,0.02306999837834102,-0.09174638868521477,234
2023-02-28,reversal_20d_z,-0.431403356634497,-0.25277635860740105,234
2023-02-28,lowvol_20d_z,-0.39964510887851,-0.07731283608411081,234
2023-02-28,lowturn_20d_z,-0.4348993603821911,-0.106358827052772,234
2023-02-28,liquidity_20d_z,0.07919357899611702,-0.08756083638008638,234
2023-03-31,mom_60_20d_z,0.18973263909439853,0.05949262939141042,234
2023-03-31,reversal_20d_z,-0.2442370749955563,-0.06574426547033906,234
2023-03-31,lowvol_20d_z,-0.13430651039395064,0.09288807323655769,234
2023-03-31,lowturn_20d_z,-0.11961865703666306,0.1296917123912512,234
2023-03-31,liquidity_20d_z,0.01888124981534253,-0.0647842764095298,234
2023-04-28,mom_60_20d_z,0.1878467338280671,0.16946999213306618,234
2023-04-28,reversal_20d_z,-0.1453000830124832,-0.15211943390622978,234
2023-04-28,lowvol_20d_z,-0.14388520360203286,0.08969812083280114,234
2023-04-28,lowturn_20d_z,-0.16947869600686424,0.048463537148489506,234
2023-04-28,liquidity_20d_z,-0.06824080267777609,-0.1458158164558639,234
2023-05-31,mom_60_20d_z,-0.07615211857824004,-0.23070410280633571,234
2023-05-31,reversal_20d_z,-0.13852579636327242,0.046223718244652184,234
2023-05-31,lowvol_20d_z,-0.14770893035742721,-0.009367151796764742,234
2023-05-31,lowturn_20d_z,-0.08357208057274759,-0.013385057231761565,234
2023-05-31,liquidity_20d_z,0.029679356595318614,0.01844443372589976,234
2023-06-30,mom_60_20d_z,-0.4182120729691834,-0.3236254244445117,234
2023-06-30,reversal_20d_z,0.19603291135778914,0.10208336357707025,234
2023-06-30,lowvol_20d_z,0.3729520763337873,0.262313498711031,234
2023-06-30,lowturn_20d_z,0.36828898374791985,0.2731908772010201,234
2023-06-30,liquidity_20d_z,-0.1882963525589115,-0.12781013383206505,234
2023-07-31,mom_60_20d_z,-0.027327098497437047,-0.019936397212601376,234
2023-07-31,reversal_20d_z,0.00800688367691777,0.0012592246753737133,234
2023-07-31,lowvol_20d_z,0.23833974211466286,0.21812965097177459,234
2023-07-31,lowturn_20d_z,0.22884162622657125,0.21908589373380993,234
2023-07-31,liquidity_20d_z,-0.24152438599027165,-0.2061714652855183,234
2023-08-31,mom_60_20d_z,0.15444176418933594,0.028159067920456367,234
2023-08-31,reversal_20d_z,0.012418843363749363,-0.045329299816476015,234
2023-08-31,lowvol_20d_z,0.027808307196779295,0.20616875210749752,234
2023-08-31,lowturn_20d_z,-0.0031385420580438603,0.17090669838551314,234
2023-08-31,liquidity_20d_z,-0.08536331751065065,-0.1558929307310571,234
2023-09-28,mom_60_20d_z,0.056240436011022535,0.09590999885516548,234
2023-09-28,reversal_20d_z,-0.11805044507183916,-0.022571939540340213,234
2023-09-28,lowvol_20d_z,0.19075343705021439,0.16365994830121425,234
2023-09-28,lowturn_20d_z,0.17851187447975397,0.12061401865669569,234
2023-09-28,liquidity_20d_z,-0.13660524841641955,-0.1587986550782671,234
2023-10-31,mom_60_20d_z,0.14217324928708347,0.24524781778037252,234
2023-10-31,reversal_20d_z,0.023647008220981987,-0.02933727943660787,234
2023-10-31,lowvol_20d_z,-0.08916570622691149,0.014776810686152286,234
2023-10-31,lowturn_20d_z,-0.20718424847814407,0.0294669881928738,234
2023-10-31,liquidity_20d_z,-0.00369097510245707,-0.1077225050289666,234
2023-11-30,mom_60_20d_z,-0.14381055845924387,-0.09933741961259161,234
2023-11-30,reversal_20d_z,-0.08206581518996285,-0.1290137531440237,234
2023-11-30,lowvol_20d_z,-0.1500113262871362,-0.09057388199807385,234
2023-11-30,lowturn_20d_z,-0.23247129619548085,-0.12152302173001141,234
2023-11-30,liquidity_20d_z,0.12581848595786502,0.06963860826746407,234
2023-12-29,mom_60_20d_z,-0.1547236240615977,-0.07612713252217468,234
2023-12-29,reversal_20d_z,-0.0005812861686724723,-0.03723403009887609,234
2023-12-29,lowvol_20d_z,0.5694900498879347,0.6342160705926205,234
2023-12-29,lowturn_20d_z,0.4859765405867,0.5257925646280885,234
2023-12-29,liquidity_20d_z,-0.27289729211617697,-0.27718630484337353,234
2024-01-31,mom_60_20d_z,-0.11458674746015268,-0.20097689492067222,234
2024-01-31,reversal_20d_z,0.4953697193141395,0.6625705562865836,234
2024-01-31,lowvol_20d_z,-0.5290219005323576,-0.4561119825166321,234
2024-01-31,lowturn_20d_z,-0.6272664958351392,-0.4881232907512403,234
2024-01-31,liquidity_20d_z,0.21223858838550547,0.09570578061073323,234
2024-02-29,mom_60_20d_z,0.03193788939607489,0.08210528879060935,234
2024-02-29,reversal_20d_z,-0.16784566703339107,-0.20405293332888358,234
2024-02-29,lowvol_20d_z,-0.08023872943850774,0.01826554795944652,234
2024-02-29,lowturn_20d_z,-0.0587604070798469,-0.009052462699757997,234
2024-02-29,liquidity_20d_z,-0.09237877441433573,-0.06241942530851184,234
2024-03-29,mom_60_20d_z,0.21081254876514857,0.12551271610897716,234
2024-03-29,reversal_20d_z,-0.011404496436367597,-0.06674078094419375,234
2024-03-29,lowvol_20d_z,0.09741936105709176,0.22058909611683322,234
2024-03-29,lowturn_20d_z,0.08674325004765791,0.18784925455711668,234
2024-03-29,liquidity_20d_z,-0.14782568043474434,-0.16547635827944673,234
2024-04-30,mom_60_20d_z,-0.2791493291487426,-0.2074569626271412,234
2024-04-30,reversal_20d_z,0.017601696312603277,-0.014159604503263286,234
2024-04-30,lowvol_20d_z,0.2705574656546483,0.2040791574203008,234
2024-04-30,lowturn_20d_z,0.27263341952115727,0.1906402471436646,234
2024-04-30,liquidity_20d_z,-0.18355425359428168,-0.16301878628377497,234
2024-05-31,mom_60_20d_z,0.24391632554095302,0.24349022052162167,234
2024-05-31,reversal_20d_z,-0.07533475766929118,-0.17884127915529863,234
2024-05-31,lowvol_20d_z,0.1095583300737912,0.12262900262777546,234
2024-05-31,lowturn_20d_z,-0.030035468260276765,0.06048727171587818,234
2024-05-31,liquidity_20d_z,0.04193034956468354,0.05814021553403621,234
2024-06-28,mom_60_20d_z,-0.15276039451940168,-0.1408809702541666,234
2024-06-28,reversal_20d_z,0.019576504374870813,0.04486801555283808,234
2024-06-28,lowvol_20d_z,0.11362249077635175,0.17830087555716503,234
2024-06-28,lowturn_20d_z,-0.03343310203289448,0.05787892474656842,234
2024-06-28,liquidity_20d_z,-0.028223059398048117,-0.018847160844092912,234
2024-07-31,mom_60_20d_z,0.07597678814511183,0.07879403087037112,233
2024-07-31,reversal_20d_z,0.0073107507722305265,0.0010881434110446512,233
2024-07-31,lowvol_20d_z,0.19169274182373366,0.21393334535040262,233
2024-07-31,lowturn_20d_z,0.3007436205048995,0.32747583223502863,233
2024-07-31,liquidity_20d_z,-0.0990250685471015,-0.03407488924101799,233
2024-08-30,mom_60_20d_z,-0.3801146815025939,-0.4091794818286639,233
2024-08-30,reversal_20d_z,0.07762271535887362,0.044121480168179184,233
2024-08-30,lowvol_20d_z,-0.11335548310462097,-0.1726987259155553,233
2024-08-30,lowturn_20d_z,-0.27872072235833295,-0.33932776138720966,233
2024-08-30,liquidity_20d_z,0.038940639934435146,0.01968996954722781,233
2024-09-30,mom_60_20d_z,0.047968427857488095,0.08607717185175144,233
2024-09-30,reversal_20d_z,-0.20041613819002727,-0.1575659544797502,233
2024-09-30,lowvol_20d_z,-0.2356521412139753,-0.16993251992960803,233
2024-09-30,lowturn_20d_z,-0.43916779930172245,-0.38093367827591473,233
2024-09-30,liquidity_20d_z,0.14491346002976827,0.17573468653983046,233
2024-10-31,mom_60_20d_z,0.1605653407165964,0.08819179405158561,233
2024-10-31,reversal_20d_z,-0.02914656404281319,0.033350125084329524,233
2024-10-31,lowvol_20d_z,-0.08734264340405598,-0.024103277806723562,233
2024-10-31,lowturn_20d_z,-0.059888216163619896,0.07240280469678968,233
2024-10-31,liquidity_20d_z,-0.07156671825648572,-0.15951119876981512,233
2024-11-29,mom_60_20d_z,-0.2889321267496159,-0.37226268485122965,234
2024-11-29,reversal_20d_z,0.22017126258471506,0.14198569335023536,234
2024-11-29,lowvol_20d_z,0.2303783757963098,0.3351246885309665,234
2024-11-29,lowturn_20d_z,0.2028870105109313,0.34207032645775814,234
2024-11-29,liquidity_20d_z,-0.1277432016114948,-0.14828740293014678,234
2024-12-31,mom_60_20d_z,-0.10268111345042912,-0.06753882495814222,233
2024-12-31,reversal_20d_z,-0.11159985912658726,-0.08070752971772158,233
2024-12-31,lowvol_20d_z,-0.2762559930108301,-0.035292052860824936,233
2024-12-31,lowturn_20d_z,-0.2265059823080813,-0.11435645912608693,233
2024-12-31,liquidity_20d_z,0.060600921972859684,0.0008054340710959483,233
2025-01-27,mom_60_20d_z,0.08654863263628633,0.06148571792500633,234
2025-01-27,reversal_20d_z,0.08890250532800893,0.26858130810585157,234
2025-01-27,lowvol_20d_z,-0.02266580619815156,-0.09803464299382554,234
2025-01-27,lowturn_20d_z,-0.09002073596526364,-0.09517902407893139,234
2025-01-27,liquidity_20d_z,-0.016833442350782005,-0.01395919059266646,234
2025-02-28,mom_60_20d_z,0.18202189349990466,0.17117635186392008,234
2025-02-28,reversal_20d_z,0.2989325733317072,0.31506981461964084,234
2025-02-28,lowvol_20d_z,0.22876720976812773,0.3121505113000872,234
2025-02-28,lowturn_20d_z,0.2439367213887481,0.3034881319601605,234
2025-02-28,liquidity_20d_z,-0.173880723779541,-0.22867173572150049,234
2025-03-31,mom_60_20d_z,-0.07177636077407516,-0.1031491855782419,234
2025-03-31,reversal_20d_z,-0.10237947837039586,-0.10203278854362273,234
2025-03-31,lowvol_20d_z,0.27577174418126127,0.3055851226988453,234
2025-03-31,lowturn_20d_z,0.3480155216466806,0.38131093296486707,234
2025-03-31,liquidity_20d_z,-0.16914792936463766,-0.17968981582758467,234
2025-04-30,mom_60_20d_z,-0.20807756081421672,-0.17748324584976355,234
2025-04-30,reversal_20d_z,0.03170821326756319,-0.07511937815199833,234
2025-04-30,lowvol_20d_z,-0.05327467760668889,0.128781361789196,234
2025-04-30,lowturn_20d_z,0.00514361384749304,0.15924723727996873,234
2025-04-30,liquidity_20d_z,0.01719493099590372,-0.02620770136009292,234
2025-05-30,mom_60_20d_z,-0.17106354181426275,-0.19880560483485965,233
2025-05-30,reversal_20d_z,-0.321423794378407,-0.0798262765291553,233
2025-05-30,lowvol_20d_z,-0.5315156153735904,-0.3490385071489742,233
2025-05-30,lowturn_20d_z,-0.583366568384658,-0.35764498287686874,233
2025-05-30,liquidity_20d_z,0.38426192327608794,0.30957034029408054,233
2025-06-30,mom_60_20d_z,-0.1083954825981001,-0.20139680749819572,234
2025-06-30,reversal_20d_z,-0.45787175775420624,-0.1536624050959852,234
2025-06-30,lowvol_20d_z,-0.32318458191127775,-0.1441252649923552,234
2025-06-30,lowturn_20d_z,-0.4012900421641509,-0.20141647556675865,234
2025-06-30,liquidity_20d_z,0.19820983913912646,0.03399625651100984,234
2025-07-31,mom_60_20d_z,0.35345640223328423,-0.0034447297882028807,234
2025-07-31,reversal_20d_z,-0.31707129244083815,-0.1592569386298804,234
2025-07-31,lowvol_20d_z,-0.38848840144744257,-0.29721284084377597,234
2025-07-31,lowturn_20d_z,-0.5141413169726444,-0.4655292876958659,234
2025-07-31,liquidity_20d_z,0.36960814066865005,0.24506517638555186,234
2025-08-29,mom_60_20d_z,0.032752935219556266,0.049412275965566424,234
2025-08-29,reversal_20d_z,-0.2786311999800534,-0.4077224347866088,234
2025-08-29,lowvol_20d_z,-0.256233114685862,-0.2964310416448455,234
2025-08-29,lowturn_20d_z,-0.3384439308316393,-0.32705703412139475,234
2025-08-29,liquidity_20d_z,0.1624130403893659,0.11406028075719597,234
2025-09-30,mom_60_20d_z,-0.08858840230703094,-0.24787157497514492,234
2025-09-30,reversal_20d_z,0.1540264994977927,0.22103079459072977,234
2025-09-30,lowvol_20d_z,0.2074320767709032,0.29625222524385475,234
2025-09-30,lowturn_20d_z,0.2635994915738633,0.3247020930814656,234
2025-09-30,liquidity_20d_z,-0.19843923799108223,-0.23634421094883135,234
2025-10-31,mom_60_20d_z,-0.2819623542635462,-0.3167519027691173,234
2025-10-31,reversal_20d_z,-0.23941731377932013,-0.2532802357924892,234
2025-10-31,lowvol_20d_z,0.2803426621705566,0.3279936088148672,234
2025-10-31,lowturn_20d_z,0.36159475302574573,0.42721433184133895,234
2025-10-31,liquidity_20d_z,-0.22378214374120614,-0.22418179664099355,234
2025-11-28,mom_60_20d_z,0.2783238793106254,0.16898229017064798,233
2025-11-28,reversal_20d_z,-0.019502867894138024,-0.030121716362034694,233
2025-11-28,lowvol_20d_z,-0.32182508248507313,-0.3465994364813798,233
2025-11-28,lowturn_20d_z,-0.21267912424607752,-0.21764365471678218,233
2025-11-28,liquidity_20d_z,0.2292027805962717,0.20158715100264918,233
